<?xml version="1.0" encoding="UTF-8"?>
<application xmlns="https://jakarta.ee/xml/ns/jakartaee"
             xmlns:xsi="http://www.w3.org/2001/XMLSchema-instance"
             xsi:schemaLocation="https://jakarta.ee/xml/ns/jakartaee https://jakarta.ee/xml/ns/jakartaee/application_9.xsd"
             version="9">

    <module id="Caubang_ENTJAVA_JSF_4-Web">
        <web>
            <web-uri>web.war</web-uri>
            <context-root>Caubang_ENTJAVA_JSF_4Web</context-root>
        </web>
    </module>
</application>
